{
    "Intercept": 1.3249966026318272,
    "AC Milan": {
        "att": 1,
        "def": 1
    },
    "Atalanta": {
        "att": 1.057142553218456,
        "def": 1.2137300879900357
    },
    "Bologna": {
        "att": 0.7582513824985221,
        "def": 1.2406554898454747
    },
    "Cagliari": {
        "att": 0.5904286938305702,
        "def": 1.3999302801859779
    },
    "Como": {
        "att": 1.0062372641553432,
        "def": 0.9205224274225708
    },
    "Cremonese": {
        "att": 0.5846480319784968,
        "def": 1.5783669837808096
    },
    "Fiorentina": {
        "att": 0.8185590640991744,
        "def": 1.331641988405748
    },
    "Genoa": {
        "att": 0.7347257080338192,
        "def": 1.3137867171510498
    },
    "Inter Milan": {
        "att": 1.299126785073962,
        "def": 0.8140188502036576
    },
    "Juventus": {
        "att": 1.0956922354310177,
        "def": 0.8982808044789967
    },
    "Lazio": {
        "att": 0.6607951138453274,
        "def": 1.1173982022379558
    },
    "Lecce": {
        "att": 0.5151507929773766,
        "def": 1.4704690709048491
    },
    "Napoli": {
        "att": 0.8591961680707088,
        "def": 0.9140370168982735
    },
    "Parma Calcio 1913": {
        "att": 0.5342004811235191,
        "def": 1.3703739137559703
    },
    "Pisa": {
        "att": 0.6420071767396933,
        "def": 1.5153214605663698
    },
    "Roma": {
        "att": 0.8484841382417179,
        "def": 1.0654569499686084
    },
    "Sassuolo": {
        "att": 0.6666927635205283,
        "def": 1.4063405151664463
    },
    "Torino": {
        "att": 0.7558071655115932,
        "def": 1.3483166090177183
    },
    "Udinese": {
        "att": 0.6848533791230746,
        "def": 1.3004014101944612
    },
    "Verona": {
        "att": 0.5735755522545756,
        "def": 1.2136327422327078
    },
    "h_a_factor": 1.1987485943940348
}