{
    "Intercept": 1.187002376749958,
    "Alav\u00e9s": {
        "att": 1,
        "def": 1
    },
    "Athletic Club": {
        "att": 1.0450085309071309,
        "def": 0.8362801908917884
    },
    "Atl\u00e9tico Madrid": {
        "att": 1.2153868953323537,
        "def": 0.8726768588934676
    },
    "Barcelona": {
        "att": 1.987906815910076,
        "def": 0.9895933390477012
    },
    "Celta Vigo": {
        "att": 0.9907086825380502,
        "def": 0.9553043157428082
    },
    "Elche": {
        "att": 0.8857256988673308,
        "def": 1.2778918267786425
    },
    "Espanyol": {
        "att": 1.0209759126285023,
        "def": 1.1251715307261991
    },
    "Getafe": {
        "att": 0.6473724450500866,
        "def": 0.861487158945405
    },
    "Girona": {
        "att": 0.9492945744872576,
        "def": 1.1816783851606185
    },
    "Levante": {
        "att": 1.0711658077197739,
        "def": 1.2528248849305594
    },
    "Mallorca": {
        "att": 0.8739167433363725,
        "def": 1.1702814602822678
    },
    "Osasuna": {
        "att": 0.9374649081653835,
        "def": 0.9107556900524845
    },
    "Rayo Vallecano": {
        "att": 1.0734051566865361,
        "def": 0.9845974111947319
    },
    "Real Betis": {
        "att": 1.172883768355296,
        "def": 0.8816912287209437
    },
    "Real Madrid": {
        "att": 1.6098395094503877,
        "def": 0.8259068864738853
    },
    "Real Oviedo": {
        "att": 0.7923334537211137,
        "def": 1.1501331619398467
    },
    "Real Sociedad": {
        "att": 1.1225365061167871,
        "def": 1.0036071018593637
    },
    "Sevilla": {
        "att": 0.7661577914695369,
        "def": 1.1559586506827546
    },
    "Valencia": {
        "att": 0.9872182640592024,
        "def": 0.9839560968284062
    },
    "Villarreal": {
        "att": 1.276767061973536,
        "def": 0.9033584931021433
    },
    "h_a_factor": 1.3416848878035734
}