{
    "Intercept": 1.5779504409265137,
    "AFC Bournemouth": {
        "att": 1,
        "def": 1
    },
    "Arsenal": {
        "att": 1.1477585293654957,
        "def": 0.5457247061654097
    },
    "Aston Villa": {
        "att": 0.803525108682736,
        "def": 0.9590645698813289
    },
    "Brentford": {
        "att": 1.0282923266394042,
        "def": 0.9750966158952041
    },
    "Brighton & Hove Albion": {
        "att": 0.8634678288647921,
        "def": 0.9172826673090441
    },
    "Burnley": {
        "att": 0.5835255439429461,
        "def": 1.3893232008715561
    },
    "Chelsea": {
        "att": 1.1931607221914933,
        "def": 0.9832269244984058
    },
    "Crystal Palace": {
        "att": 0.9641851209054266,
        "def": 1.0069819467157288
    },
    "Everton": {
        "att": 0.7598499492330482,
        "def": 0.991905273293317
    },
    "Fulham": {
        "att": 0.7651692585220407,
        "def": 1.029225827160144
    },
    "Leeds United": {
        "att": 0.8962836951187082,
        "def": 0.928384367246569
    },
    "Liverpool": {
        "att": 1.0501651641956333,
        "def": 0.9011181291515975
    },
    "Manchester City": {
        "att": 1.1648640627608449,
        "def": 0.7759385917833594
    },
    "Manchester United": {
        "att": 1.0866328644909862,
        "def": 0.8900125818547056
    },
    "Newcastle United": {
        "att": 0.9230429711605951,
        "def": 0.9614615164572134
    },
    "Nottingham Forest": {
        "att": 0.7088166444509865,
        "def": 1.0920668714806512
    },
    "Sunderland": {
        "att": 0.6424027280783473,
        "def": 0.9925810489854126
    },
    "Tottenham Hotspur": {
        "att": 0.6904959908875032,
        "def": 0.9917504606787086
    },
    "West Ham United": {
        "att": 0.7501377127843281,
        "def": 1.195469214361495
    },
    "Wolverhampton Wanderers": {
        "att": 0.561151108748471,
        "def": 1.1152289578593078
    },
    "h_a_factor": 1.2195653847353713
}