{
    "Intercept": 0.8896179622637005,
    "Angers": {
        "att": 1,
        "def": 1
    },
    "Auxerre": {
        "att": 1.2678168788131838,
        "def": 0.8489220359309697
    },
    "Brest": {
        "att": 1.493452165595186,
        "def": 0.9806887781274921
    },
    "Havre": {
        "att": 1.1667750390353369,
        "def": 1.000937662817658
    },
    "Lens": {
        "att": 2.2366832301395023,
        "def": 0.843123822780438
    },
    "Lille": {
        "att": 1.9043457251103009,
        "def": 0.7583087546167036
    },
    "Lorient": {
        "att": 1.4924239103953512,
        "def": 0.9232432280244677
    },
    "Lyon": {
        "att": 1.6715833745728108,
        "def": 0.83665344961871
    },
    "Marseille": {
        "att": 2.153452643848034,
        "def": 0.8541132755929836
    },
    "Metz": {
        "att": 1.0484904279587604,
        "def": 1.1323413994759153
    },
    "Monaco": {
        "att": 1.9804128196099684,
        "def": 0.9480215845105231
    },
    "Nantes": {
        "att": 1.112178579996324,
        "def": 1.0250712280152081
    },
    "Nice": {
        "att": 1.5029018237598735,
        "def": 1.1598504091076625
    },
    "Paris FC": {
        "att": 1.4690575930028764,
        "def": 1.0529792098683377
    },
    "Paris Saint Germain": {
        "att": 2.3567399355643226,
        "def": 0.5509086394217948
    },
    "Rennes": {
        "att": 1.6532636726462213,
        "def": 1.0397509631087558
    },
    "Strasbourg": {
        "att": 1.8052384532132184,
        "def": 0.7665514890803887
    },
    "Toulouse": {
        "att": 1.4379617656255959,
        "def": 0.7912287922937871
    },
    "h_a_factor": 1.3051254693090932
}