{
    "Mean Squared Error": 0.6163198117877157,
    "Root Mean Squared Error": 0.7850603873510086
}