{
    "Intercept": 1.4868066221984597,
    "AFC Bournemouth": {
        "att": 1,
        "def": 1
    },
    "Arsenal": {
        "att": 1.1914829280158952,
        "def": 0.6066273329680868
    },
    "Aston Villa": {
        "att": 0.847177988262943,
        "def": 1.073025086923553
    },
    "Brentford": {
        "att": 1.0431692029384718,
        "def": 0.9904868254630621
    },
    "Brighton & Hove Albion": {
        "att": 0.9584002232909459,
        "def": 1.0952084584063673
    },
    "Burnley": {
        "att": 0.6268000903106467,
        "def": 1.478384841019186
    },
    "Chelsea": {
        "att": 1.0912501995082708,
        "def": 1.0694736978834987
    },
    "Crystal Palace": {
        "att": 1.009042998497323,
        "def": 0.9422794919569497
    },
    "Everton": {
        "att": 0.744689278152738,
        "def": 1.0481153955511757
    },
    "Fulham": {
        "att": 0.713557597911975,
        "def": 0.9779630388627147
    },
    "Leeds United": {
        "att": 0.9195392714543162,
        "def": 0.9482408801648233
    },
    "Liverpool": {
        "att": 1.0369637852975104,
        "def": 0.9556315394735855
    },
    "Manchester City": {
        "att": 1.1990882906596079,
        "def": 0.7668197736343579
    },
    "Manchester United": {
        "att": 1.126966253084578,
        "def": 1.0212448046862008
    },
    "Newcastle United": {
        "att": 0.9018037142447537,
        "def": 0.7848312022961361
    },
    "Nottingham Forest": {
        "att": 0.6776259051933013,
        "def": 1.0891753964762154
    },
    "Sunderland": {
        "att": 0.5838901411836331,
        "def": 0.9604151452516624
    },
    "Tottenham Hotspur": {
        "att": 0.6430693692153387,
        "def": 0.8925145877560007
    },
    "West Ham United": {
        "att": 0.6684936999247186,
        "def": 1.350539870973555
    },
    "Wolverhampton Wanderers": {
        "att": 0.5213332699811257,
        "def": 1.0885106569522192
    },
    "h_a_factor": 1.2619603102635195
}