{
    "Intercept": 1.443208734155109,
    "Augsburg": {
        "att": 1,
        "def": 1
    },
    "Bayer Leverkusen": {
        "att": 1.4705808425292883,
        "def": 0.7235270712571399
    },
    "Bayern Munich": {
        "att": 2.2093978329154713,
        "def": 0.6352499382979184
    },
    "Borussia Dortmund": {
        "att": 1.337076791261356,
        "def": 0.6440064332639427
    },
    "Borussia M.Gladbach": {
        "att": 0.986685099757275,
        "def": 0.8397352933964546
    },
    "Eintracht Frankfurt": {
        "att": 1.0599343783676642,
        "def": 0.8245195464513005
    },
    "FC Cologne": {
        "att": 1.0908662980770096,
        "def": 0.9470487723804983
    },
    "FC Heidenheim": {
        "att": 0.9452489109554867,
        "def": 1.1043017733942138
    },
    "Freiburg": {
        "att": 1.0627158066250193,
        "def": 0.7813747645299678
    },
    "Hamburger SV": {
        "att": 0.8993212635375205,
        "def": 1.0176755777345363
    },
    "Hoffenheim": {
        "att": 1.2736895741868677,
        "def": 0.8414888852139485
    },
    "Mainz 05": {
        "att": 1.1807941560959836,
        "def": 0.9202319478089898
    },
    "RB Leipzig": {
        "att": 1.5066731741061041,
        "def": 0.7769223148118932
    },
    "St. Pauli": {
        "att": 0.6631554878672091,
        "def": 0.9405242388599812
    },
    "Stuttgart": {
        "att": 1.3725943029593954,
        "def": 0.7800816827406845
    },
    "Union Berlin": {
        "att": 0.9718318377396648,
        "def": 0.833156277577528
    },
    "Werder Bremen": {
        "att": 0.9028876724149291,
        "def": 0.9031405577963814
    },
    "Wolfsburg": {
        "att": 1.0210452201165496,
        "def": 1.0236266614171314
    },
    "h_a_factor": 1.2840964077776014
}